,type,year,tuition_type,tuition_cost,tuition_2,avg_tuition,1_year_change_tuition,total_change_tuition,cpi,1_year_change_cpi,total_change_cpi
0,All Institutions,1985-86,All Constant,10893,11369,11131,,,107.6,3.649635036496357,5.576208178438662
1,All Institutions,1985-86,4 Year Constant,12274,12811,12542,,,107.6,3.649635036496357,5.576208178438662
2,All Institutions,1985-86,2 Year Constant,7508,7836,7672,,,107.6,3.649635036496357,5.576208178438662
3,All Institutions,1985-86,All Current,4885,4885,4885,,,107.6,3.649635036496357,5.576208178438662
4,All Institutions,1985-86,4 Year Current,5504,5504,5504,,,107.6,3.649635036496357,5.576208178438662
5,All Institutions,1985-86,2 Year Current,3367,3367,3367,,,107.6,3.649635036496357,5.576208178438662
6,Public,1985-86,All Constant,7964,8312,8138,,,107.6,3.649635036496357,5.576208178438662
7,Public,1985-86,4 Year Constant,8604,8981,8792,,,107.6,3.649635036496357,5.576208178438662
8,Public,1985-86,2 Year Constant,6647,6938,6792,,,107.6,3.649635036496357,5.576208178438662
9,Public,1985-86,All Current,3571,3571,3571,,,107.6,3.649635036496357,5.576208178438662
10,Public,1985-86,4 Year Current,3859,3859,3859,,,107.6,3.649635036496357,5.576208178438662
11,Public,1985-86,2 Year Current,2981,2981,2981,,,107.6,3.649635036496357,5.576208178438662
12,Private,1985-86,All Constant,19812,20678,20245,,,107.6,3.649635036496357,5.576208178438662
13,Private,1985-86,4 Year Constant,20578,21478,21028,,,107.6,3.649635036496357,5.576208178438662
14,Private,1985-86,2 Year Constant,14521,15156,14838,,,107.6,3.649635036496357,5.576208178438662
15,Private,1985-86,All Current,8885,8885,8885,,,107.6,3.649635036496357,5.576208178438662
16,Private,1985-86,4 Year Current,9228,9228,9228,,,107.6,3.649635036496357,5.576208178438662
17,Private,1985-86,2 Year Current,6512,6512,6512,,,107.6,3.649635036496357,5.576208178438662
18,All Institutions,1995-96,All Constant,13822,14426,14124,26.88886892462492,2993.0,152.4,2.8340080971660075,41.63568773234202
19,All Institutions,1995-96,4 Year Constant,16224,16934,16579,32.187848827938126,4037.0,152.4,2.8340080971660075,41.63568773234202
20,All Institutions,1995-96,2 Year Constant,7421,7745,7583,-1.1600625651720597,-89.0,152.4,2.8340080971660075,41.63568773234202
21,All Institutions,1995-96,All Current,8800,8800,8800,80.14329580348003,3915.0,152.4,2.8340080971660075,41.63568773234202
22,All Institutions,1995-96,4 Year Current,10330,10330,10330,87.68168604651163,4826.0,152.4,2.8340080971660075,41.63568773234202
23,All Institutions,1995-96,2 Year Current,4725,4725,4725,40.332640332640324,1358.0,152.4,2.8340080971660075,41.63568773234202
24,Public,1995-96,All Constant,9825,10255,10040,23.371835831899723,1902.0,152.4,2.8340080971660075,41.63568773234202
25,Public,1995-96,4 Year Constant,11016,11498,11257,28.03685168334851,2465.0,152.4,2.8340080971660075,41.63568773234202
26,Public,1995-96,2 Year Constant,6623,6912,6767,-0.36808009422850674,-25.0,152.4,2.8340080971660075,41.63568773234202
27,Public,1995-96,All Current,6256,6256,6256,75.18902268272191,2685.0,152.4,2.8340080971660075,41.63568773234202
28,Public,1995-96,4 Year Current,7014,7014,7014,81.7569318476289,3155.0,152.4,2.8340080971660075,41.63568773234202
29,Public,1995-96,2 Year Current,4217,4217,4217,41.46259644414625,1236.0,152.4,2.8340080971660075,41.63568773234202
30,Private,1995-96,All Constant,27027,28209,27618,36.41886885650778,7373.0,152.4,2.8340080971660075,41.63568773234202
31,Private,1995-96,4 Year Constant,27661,28870,28265,34.41601673958532,7237.0,152.4,2.8340080971660075,41.63568773234202
32,Private,1995-96,2 Year Constant,18161,18956,18558,25.070764253942592,3720.0,152.4,2.8340080971660075,41.63568773234202
33,Private,1995-96,All Current,17208,17208,17208,93.67473269555431,8323.0,152.4,2.8340080971660075,41.63568773234202
34,Private,1995-96,4 Year Current,17612,17612,17612,90.85392284351971,7684.0,152.4,2.8340080971660075,41.63568773234202
35,Private,1995-96,2 Year Current,11563,11563,11563,77.56449631449631,5051.0,152.4,2.8340080971660075,41.63568773234202
36,All Institutions,2000-01,All Constant,14995,15651,15323,8.489096573208732,4192.0,172.2,3.361344537815114,60.03717472118959
37,All Institutions,2000-01,4 Year Constant,17909,18692,18300,10.380601966342962,5758.0,172.2,3.361344537815114,60.03717472118959
38,All Institutions,2000-01,2 Year Constant,7576,7907,7741,2.0836080706844173,69.0,172.2,3.361344537815114,60.03717472118959
39,All Institutions,2000-01,All Current,10820,10820,10820,22.95454545454545,5935.0,172.2,3.361344537815114,60.03717472118959
40,All Institutions,2000-01,4 Year Current,12922,12922,12922,25.091965150048413,7418.0,172.2,3.361344537815114,60.03717472118959
41,All Institutions,2000-01,2 Year Current,5466,5466,5466,15.682539682539677,2099.0,172.2,3.361344537815114,60.03717472118959
42,Public,2000-01,All Constant,10514,10973,10743,7.001992031872506,2605.0,172.2,3.361344537815114,60.03717472118959
43,Public,2000-01,4 Year Constant,11993,12517,12255,8.865594741050021,3463.0,172.2,3.361344537815114,60.03717472118959
44,Public,2000-01,2 Year Constant,6706,7000,6853,1.270873355992319,61.0,172.2,3.361344537815114,60.03717472118959
45,Public,2000-01,All Current,7586,7586,7586,21.25959079283888,4015.0,172.2,3.361344537815114,60.03717472118959
46,Public,2000-01,4 Year Current,8653,8653,8653,23.367550613059596,4794.0,172.2,3.361344537815114,60.03717472118959
47,Public,2000-01,2 Year Current,4839,4839,4839,14.749822148446757,1858.0,172.2,3.361344537815114,60.03717472118959
48,Private,2000-01,All Constant,29621,30916,30268,9.595191541748127,10023.0,172.2,3.361344537815114,60.03717472118959
49,Private,2000-01,4 Year Constant,30290,31614,30952,9.506456748629045,9924.0,172.2,3.361344537815114,60.03717472118959
50,Private,2000-01,2 Year Constant,20660,21563,21111,13.756870352408669,6273.0,172.2,3.361344537815114,60.03717472118959
51,Private,2000-01,All Current,21373,21373,21373,24.20385867038586,12488.0,172.2,3.361344537815114,60.03717472118959
52,Private,2000-01,4 Year Current,21856,21856,21856,24.097206450147635,11928.0,172.2,3.361344537815114,60.03717472118959
53,Private,2000-01,2 Year Current,14907,14907,14907,28.919830493816477,8395.0,172.2,3.361344537815114,60.03717472118959
54,All Institutions,2001-02,All Constant,15497,16175,15836,3.347908373034003,4705.0,177.1,2.8455284552845628,64.59107806691449
55,All Institutions,2001-02,4 Year Constant,18573,19386,18979,3.7103825136612034,6437.0,177.1,2.8455284552845628,64.59107806691449
56,All Institutions,2001-02,2 Year Constant,7786,8127,7956,2.7774189381216896,284.0,177.1,2.8455284552845628,64.59107806691449
57,All Institutions,2001-02,All Current,11380,11380,11380,5.175600739371533,6495.0,177.1,2.8455284552845628,64.59107806691449
58,All Institutions,2001-02,4 Year Current,13639,13639,13639,5.548676675437236,8135.0,177.1,2.8455284552845628,64.59107806691449
59,All Institutions,2001-02,2 Year Current,5718,5718,5718,4.610318331503849,2351.0,177.1,2.8455284552845628,64.59107806691449
60,Public,2001-02,All Constant,10924,11401,11162,3.9002140928976914,3024.0,177.1,2.8455284552845628,64.59107806691449
61,Public,2001-02,4 Year Constant,12523,13071,12797,4.422684618523043,4005.0,177.1,2.8455284552845628,64.59107806691449
62,Public,2001-02,2 Year Constant,6996,7302,7149,4.319276229388591,357.0,177.1,2.8455284552845628,64.59107806691449
63,Public,2001-02,All Current,8022,8022,8022,5.747429475349319,4451.0,177.1,2.8455284552845628,64.59107806691449
64,Public,2001-02,4 Year Current,9196,9196,9196,6.275280249624404,5337.0,177.1,2.8455284552845628,64.59107806691449
65,Public,2001-02,2 Year Current,5137,5137,5137,6.158297168836535,2156.0,177.1,2.8455284552845628,64.59107806691449
66,Private,2001-02,All Constant,30522,31857,31189,3.042817497026573,10944.0,177.1,2.8455284552845628,64.59107806691449
67,Private,2001-02,4 Year Constant,31179,32542,31860,2.933574567071595,10832.0,177.1,2.8455284552845628,64.59107806691449
68,Private,2001-02,2 Year Constant,21550,22493,22021,4.310549002889497,7183.0,177.1,2.8455284552845628,64.59107806691449
69,Private,2001-02,All Current,22413,22413,22413,4.865952369812376,13528.0,177.1,2.8455284552845628,64.59107806691449
70,Private,2001-02,4 Year Current,22896,22896,22896,4.758418740849191,12968.0,177.1,2.8455284552845628,64.59107806691449
71,Private,2001-02,2 Year Current,15825,15825,15825,6.158180720466899,9313.0,177.1,2.8455284552845628,64.59107806691449
72,All Institutions,2002-03,All Constant,16008,16708,16358,3.2962869411467643,5227.0,179.9,1.5810276679842028,67.19330855018589
73,All Institutions,2002-03,4 Year Constant,19240,20081,19660,3.5881764055008203,7118.0,179.9,1.5810276679842028,67.19330855018589
74,All Institutions,2002-03,2 Year Constant,8331,8695,8513,7.0010055304172925,841.0,179.9,1.5810276679842028,67.19330855018589
75,All Institutions,2002-03,All Current,12014,12014,12014,5.571177504393665,7129.0,179.9,1.5810276679842028,67.19330855018589
76,All Institutions,2002-03,4 Year Current,14439,14439,14439,5.865532663685014,8935.0,179.9,1.5810276679842028,67.19330855018589
77,All Institutions,2002-03,2 Year Current,6252,6252,6252,9.338929695697807,2885.0,179.9,1.5810276679842028,67.19330855018589
78,Public,2002-03,All Constant,11328,11824,11576,3.7090127217344504,3438.0,179.9,1.5810276679842028,67.19330855018589
79,Public,2002-03,4 Year Constant,13042,13612,13327,4.141595686489019,4535.0,179.9,1.5810276679842028,67.19330855018589
80,Public,2002-03,2 Year Constant,7464,7790,7627,6.686249825150381,835.0,179.9,1.5810276679842028,67.19330855018589
81,Public,2002-03,All Current,8502,8502,8502,5.983545250560951,4931.0,179.9,1.5810276679842028,67.19330855018589
82,Public,2002-03,4 Year Current,9787,9787,9787,6.426707264027831,5928.0,179.9,1.5810276679842028,67.19330855018589
83,Public,2002-03,2 Year Current,5601,5601,5601,9.032509246642007,2620.0,179.9,1.5810276679842028,67.19330855018589
84,Private,2002-03,All Constant,31101,32461,31781,1.8981051011574657,11536.0,179.9,1.5810276679842028,67.19330855018589
85,Private,2002-03,4 Year Constant,31696,33082,32389,1.6603892027620804,11361.0,179.9,1.5810276679842028,67.19330855018589
86,Private,2002-03,2 Year Constant,23656,24690,24173,9.772489896008363,9335.0,179.9,1.5810276679842028,67.19330855018589
87,Private,2002-03,All Current,23340,23340,23340,4.13599250435015,14455.0,179.9,1.5810276679842028,67.19330855018589
88,Private,2002-03,4 Year Current,23787,23787,23787,3.891509433962259,13859.0,179.9,1.5810276679842028,67.19330855018589
89,Private,2002-03,2 Year Current,17753,17753,17753,12.18325434439178,11241.0,179.9,1.5810276679842028,67.19330855018589
90,All Institutions,2003-04,All Constant,16891,17629,17260,5.514121530749483,6129.0,184.0,2.2790439132851503,71.00371747211896
91,All Institutions,2003-04,4 Year Constant,20218,21103,20660,5.086469989827069,8118.0,184.0,2.2790439132851503,71.00371747211896
92,All Institutions,2003-04,2 Year Constant,8743,9125,8934,4.945377657699979,1262.0,184.0,2.2790439132851503,71.00371747211896
93,All Institutions,2003-04,All Current,12953,12953,12953,7.815881471616448,8068.0,184.0,2.2790439132851503,71.00371747211896
94,All Institutions,2003-04,4 Year Current,15505,15505,15505,7.382782741187066,10001.0,184.0,2.2790439132851503,71.00371747211896
95,All Institutions,2003-04,2 Year Current,6705,6705,6705,7.24568138195778,3338.0,184.0,2.2790439132851503,71.00371747211896
96,Public,2003-04,All Constant,12057,12585,12321,6.435729094678644,4183.0,184.0,2.2790439132851503,71.00371747211896
97,Public,2003-04,4 Year Constant,13919,14527,14223,6.723193516920545,5431.0,184.0,2.2790439132851503,71.00371747211896
98,Public,2003-04,2 Year Constant,7840,8182,8011,5.034744984921979,1219.0,184.0,2.2790439132851503,71.00371747211896
99,Public,2003-04,All Current,9247,9247,9247,8.762644083745009,5676.0,184.0,2.2790439132851503,71.00371747211896
100,Public,2003-04,4 Year Current,10674,10674,10674,9.063042811893318,6815.0,184.0,2.2790439132851503,71.00371747211896
101,Public,2003-04,2 Year Current,6012,6012,6012,7.3379753615425924,3031.0,184.0,2.2790439132851503,71.00371747211896
102,Private,2003-04,All Constant,32109,33513,32811,3.2409301154777914,12566.0,184.0,2.2790439132851503,71.00371747211896
103,Private,2003-04,4 Year Constant,32690,34120,33405,3.1368674550001474,12377.0,184.0,2.2790439132851503,71.00371747211896
104,Private,2003-04,2 Year Constant,25503,26619,26061,7.810366938319602,11223.0,184.0,2.2790439132851503,71.00371747211896
105,Private,2003-04,All Current,24624,24624,24624,5.501285347043705,15739.0,184.0,2.2790439132851503,71.00371747211896
106,Private,2003-04,4 Year Current,25070,25070,25070,5.393702442510606,15142.0,184.0,2.2790439132851503,71.00371747211896
107,Private,2003-04,2 Year Current,19558,19558,19558,10.16729566833774,13046.0,184.0,2.2790439132851503,71.00371747211896
108,All Institutions,2004-05,All Constant,17460,18224,17842,3.3719582850521457,6711.0,188.9,2.6630434782608736,75.55762081784388
109,All Institutions,2004-05,4 Year Constant,20899,21813,21356,3.368828654404643,8814.0,188.9,2.6630434782608736,75.55762081784388
110,All Institutions,2004-05,2 Year Constant,8982,9374,9178,2.7311394672039357,1506.0,188.9,2.6630434782608736,75.55762081784388
111,All Institutions,2004-05,All Current,13793,13793,13793,6.484984173550523,8908.0,188.9,2.6630434782608736,75.55762081784388
112,All Institutions,2004-05,4 Year Current,16510,16510,16510,6.481780070944865,11006.0,188.9,2.6630434782608736,75.55762081784388
113,All Institutions,2004-05,2 Year Current,7095,7095,7095,5.8165548098433995,3728.0,188.9,2.6630434782608736,75.55762081784388
114,Public,2004-05,All Constant,12487,13033,12760,3.5630224819414025,4622.0,188.9,2.6630434782608736,75.55762081784388
115,Public,2004-05,4 Year Constant,14463,15096,14779,3.9091612177458934,5987.0,188.9,2.6630434782608736,75.55762081784388
116,Public,2004-05,2 Year Constant,8070,8423,8246,2.9334664835850788,1454.0,188.9,2.6630434782608736,75.55762081784388
117,Public,2004-05,All Current,9864,9864,9864,6.672434303017205,6293.0,188.9,2.6630434782608736,75.55762081784388
118,Public,2004-05,4 Year Current,11426,11426,11426,7.04515645493724,7567.0,188.9,2.6630434782608736,75.55762081784388
119,Public,2004-05,2 Year Current,6375,6375,6375,6.0379241516966164,3394.0,188.9,2.6630434782608736,75.55762081784388
120,Private,2004-05,All Constant,32680,34110,33395,1.779890890250213,13150.0,188.9,2.6630434782608736,75.55762081784388
121,Private,2004-05,4 Year Constant,33241,34695,33968,1.6853764406525862,12940.0,188.9,2.6630434782608736,75.55762081784388
122,Private,2004-05,2 Year Constant,25694,26817,26255,0.7444073519818906,11417.0,188.9,2.6630434782608736,75.55762081784388
123,Private,2004-05,All Current,25817,25817,25817,4.844866796621172,16932.0,188.9,2.6630434782608736,75.55762081784388
124,Private,2004-05,4 Year Current,26260,26260,26260,4.74670921420024,16332.0,188.9,2.6630434782608736,75.55762081784388
125,Private,2004-05,2 Year Current,20297,20297,20297,3.7785049596073206,13785.0,188.9,2.6630434782608736,75.55762081784388
126,All Institutions,2005-06,All Constant,17845,18625,18235,2.202667862347263,7104.0,195.3,3.388035997882488,81.50557620817845
127,All Institutions,2005-06,4 Year Constant,21281,22211,21746,1.8261846787787972,9204.0,195.3,3.388035997882488,81.50557620817845
128,All Institutions,2005-06,2 Year Constant,8824,9209,9016,-1.7650904336456774,1344.0,195.3,3.388035997882488,81.50557620817845
129,All Institutions,2005-06,All Current,14634,14634,14634,6.0972957297179775,9749.0,195.3,3.388035997882488,81.50557620817845
130,All Institutions,2005-06,4 Year Current,17451,17451,17451,5.699576014536634,11947.0,195.3,3.388035997882488,81.50557620817845
131,All Institutions,2005-06,2 Year Current,7236,7236,7236,1.9873150105708337,3869.0,195.3,3.388035997882488,81.50557620817845
132,Public,2005-06,All Constant,12748,13306,13027,2.0924764890282166,4889.0,195.3,3.388035997882488,81.50557620817845
133,Public,2005-06,4 Year Constant,14765,15411,15088,2.0908045199269143,6296.0,195.3,3.388035997882488,81.50557620817845
134,Public,2005-06,2 Year Constant,7916,8262,8089,-1.9039534319670093,1297.0,195.3,3.388035997882488,81.50557620817845
135,Public,2005-06,All Current,10454,10454,10454,5.981346309813462,6883.0,195.3,3.388035997882488,81.50557620817845
136,Public,2005-06,4 Year Current,12108,12108,12108,5.968842989672685,8249.0,195.3,3.388035997882488,81.50557620817845
137,Public,2005-06,2 Year Current,6492,6492,6492,1.8352941176470683,3511.0,195.3,3.388035997882488,81.50557620817845
138,Private,2005-06,All Constant,32812,34247,33529,0.40125767330438933,13284.0,195.3,3.388035997882488,81.50557620817845
139,Private,2005-06,4 Year Constant,33330,34788,34059,0.2678991992463464,13031.0,195.3,3.388035997882488,81.50557620817845
140,Private,2005-06,2 Year Constant,26101,27242,26671,1.5844601028375482,11833.0,195.3,3.388035997882488,81.50557620817845
141,Private,2005-06,All Current,26908,26908,26908,4.225897664329703,18023.0,195.3,3.388035997882488,81.50557620817845
142,Private,2005-06,4 Year Current,27333,27333,27333,4.086062452399086,17405.0,195.3,3.388035997882488,81.50557620817845
143,Private,2005-06,2 Year Current,21404,21404,21404,5.454007981475084,14892.0,195.3,3.388035997882488,81.50557620817845
144,All Institutions,2006-07,All Constant,18404,19212,18808,3.142308746915279,7677.0,201.6,3.2258064516129004,87.36059479553904
145,All Institutions,2006-07,4 Year Constant,21956,22918,22437,3.177595879702011,9895.0,201.6,3.2258064516129004,87.36059479553904
146,All Institutions,2006-07,2 Year Constant,8874,9264,9069,0.5878438331854419,1397.0,201.6,3.2258064516129004,87.36059479553904
147,All Institutions,2006-07,All Current,15483,15486,15484,5.808391417247516,10599.0,201.6,3.2258064516129004,87.36059479553904
148,All Institutions,2006-07,4 Year Current,18471,18473,18472,5.850667583519575,12968.0,201.6,3.2258064516129004,87.36059479553904
149,All Institutions,2006-07,2 Year Current,7466,7467,7466,3.1785516860143748,4099.0,201.6,3.2258064516129004,87.36059479553904
150,All Institutions,2007-08,All Constant,18604,19413,19008,1.063377286261158,7877.0,207.342,2.84821428571429,92.69702602230485
151,All Institutions,2007-08,4 Year Constant,22194,23166,22680,1.0830324909747224,10138.0,207.342,2.84821428571429,92.69702602230485
152,All Institutions,2007-08,2 Year Constant,8754,9137,8945,-1.3672951813871403,1273.0,207.342,2.84821428571429,92.69702602230485
153,All Institutions,2007-08,All Current,16231,16227,16229,4.811418238181342,11344.0,207.342,2.84821428571429,92.69702602230485
154,All Institutions,2007-08,4 Year Current,19363,19364,19363,4.823516673884809,13859.0,207.342,2.84821428571429,92.69702602230485
155,All Institutions,2007-08,2 Year Current,7637,7637,7637,2.290383069916957,4270.0,207.342,2.84821428571429,92.69702602230485
156,All Institutions,2008-09,All Constant,19321,20111,19716,3.7247474747474696,8585.0,215.303,3.8395501152684863,100.0957249070632
157,All Institutions,2008-09,4 Year Constant,23071,24024,23547,3.8227513227513166,11005.0,215.303,3.8395501152684863,100.0957249070632
158,All Institutions,2008-09,2 Year Constant,9312,9697,9504,6.249301285634434,1832.0,215.303,3.8395501152684863,100.0957249070632
159,All Institutions,2008-09,All Current,17092,17045,17068,5.169757840902078,12183.0,215.303,3.8395501152684863,100.0957249070632
160,All Institutions,2008-09,4 Year Current,20409,20361,20385,5.27810773124,14881.0,215.303,3.8395501152684863,100.0957249070632
161,All Institutions,2008-09,2 Year Current,8238,8219,8228,7.738640827550092,4861.0,215.303,3.8395501152684863,100.0957249070632
162,All Institutions,2009-10,All Constant,19761,20625,20193,2.4193548387096753,9062.0,214.537,-0.3557776714676497,99.38382899628255
163,All Institutions,2009-10,4 Year Constant,23652,24687,24169,2.641525459718852,11627.0,214.537,-0.3557776714676497,99.38382899628255
164,All Institutions,2009-10,2 Year Constant,9562,9981,9771,2.8093434343434254,2099.0,214.537,-0.3557776714676497,99.38382899628255
165,All Institutions,2009-10,All Current,17650,17650,17650,3.4098898523552856,12765.0,214.537,-0.3557776714676497,99.38382899628255
166,All Institutions,2009-10,4 Year Current,21126,21126,21126,3.635025754231047,15622.0,214.537,-0.3557776714676497,99.38382899628255
167,All Institutions,2009-10,2 Year Current,8541,8541,8541,3.8040836169178416,5174.0,214.537,-0.3557776714676497,99.38382899628255
168,Private,2009-10,All Constant,35089,36624,35856,6.9402606698678815,15611.0,214.537,-0.3557776714676497,99.38382899628255
169,Private,2009-10,4 Year Constant,35655,37215,36435,6.976129657359298,15407.0,214.537,-0.3557776714676497,99.38382899628255
170,Private,2009-10,2 Year Constant,27389,28587,27988,4.937947583517688,13150.0,214.537,-0.3557776714676497,99.38382899628255
171,Private,2009-10,All Current,31341,31341,31341,16.47465437788018,22456.0,214.537,-0.3557776714676497,99.38382899628255
172,Private,2009-10,4 Year Current,31847,31847,31847,16.514835546774954,21919.0,214.537,-0.3557776714676497,99.38382899628255
173,Private,2009-10,2 Year Current,24463,24463,24463,14.291721173612416,17951.0,214.537,-0.3557776714676497,99.38382899628255
174,All Institutions,2010-11,All Constant,20278,21165,20721,2.614767493685921,9590.0,218.056,1.6402765024214894,102.65427509293683
175,All Institutions,2010-11,4 Year Constant,24227,25287,24757,2.432868550622702,12215.0,218.056,1.6402765024214894,102.65427509293683
176,All Institutions,2010-11,2 Year Constant,9733,10159,9946,1.7910142257701267,2274.0,218.056,1.6402765024214894,102.65427509293683
177,All Institutions,2010-11,All Current,18475,18475,18475,4.674220963172804,13590.0,218.056,1.6402765024214894,102.65427509293683
178,All Institutions,2010-11,4 Year Current,22074,22074,22074,4.487361545015611,16570.0,218.056,1.6402765024214894,102.65427509293683
179,All Institutions,2010-11,2 Year Current,8868,8868,8868,3.828591499824374,5501.0,218.056,1.6402765024214894,102.65427509293683
180,All Institutions,2011-12,All Constant,20688,21593,21140,2.0221031803484335,10009.0,224.939,3.1565285981582702,109.05111524163569
181,All Institutions,2011-12,4 Year Constant,24537,25610,25073,1.2764066728601975,12531.0,224.939,3.1565285981582702,109.05111524163569
182,All Institutions,2011-12,2 Year Constant,9966,10402,10184,2.392921777599044,2512.0,224.939,3.1565285981582702,109.05111524163569
183,All Institutions,2011-12,All Current,19401,19401,19401,5.012178619756424,14516.0,224.939,3.1565285981582702,109.05111524163569
184,All Institutions,2011-12,4 Year Current,23011,23011,23011,4.244812902056716,17507.0,224.939,3.1565285981582702,109.05111524163569
185,All Institutions,2011-12,2 Year Current,9347,9347,9347,5.401443391971128,5980.0,224.939,3.1565285981582702,109.05111524163569
186,All Institutions,2012-13,All Constant,21222,22150,21686,2.5827814569536534,10555.0,229.594,2.0694499397614363,113.37732342007436
187,All Institutions,2012-13,4 Year Constant,25037,26132,25584,2.038048897220124,13042.0,229.594,2.0694499397614363,113.37732342007436
188,All Institutions,2012-13,2 Year Constant,10041,10480,10260,0.746268656716409,2588.0,229.594,2.0694499397614363,113.37732342007436
189,All Institutions,2012-13,All Current,20233,20233,20233,4.288438740271117,15348.0,229.594,2.0694499397614363,113.37732342007436
190,All Institutions,2012-13,4 Year Current,23871,23871,23871,3.7373430098648575,18367.0,229.594,2.0694499397614363,113.37732342007436
191,All Institutions,2012-13,2 Year Current,9573,9573,9573,2.4178880924360824,6206.0,229.594,2.0694499397614363,113.37732342007436
192,Public,2012-13,All Constant,15755,16444,16099,23.581791663468188,7961.0,229.594,2.0694499397614363,113.37732342007436
193,Public,2012-13,4 Year Constant,18328,19130,18729,24.131760339342524,9937.0,229.594,2.0694499397614363,113.37732342007436
194,Public,2012-13,2 Year Constant,9363,9773,9568,18.284089504265054,2776.0,229.594,2.0694499397614363,113.37732342007436
195,Public,2012-13,All Current,15021,15021,15021,43.686627128371924,11450.0,229.594,2.0694499397614363,113.37732342007436
196,Public,2012-13,4 Year Current,17475,17475,17475,44.32606541129831,13616.0,229.594,2.0694499397614363,113.37732342007436
197,Public,2012-13,2 Year Current,8927,8927,8927,37.50770178681455,5946.0,229.594,2.0694499397614363,113.37732342007436
198,All Institutions,2013-14,All Constant,21682,22630,22156,2.167296873558988,11025.0,232.957,1.4647595320435247,116.50278810408923
199,All Institutions,2013-14,4 Year Constant,25509,26625,26067,1.8878986866791791,13525.0,232.957,1.4647595320435247,116.50278810408923
200,All Institutions,2013-14,2 Year Constant,10215,10662,10438,1.734892787524367,2766.0,232.957,1.4647595320435247,116.50278810408923
201,All Institutions,2013-14,All Current,20995,20995,20995,3.766124647852509,16110.0,232.957,1.4647595320435247,116.50278810408923
202,All Institutions,2013-14,4 Year Current,24701,24701,24701,3.4770223283482116,19197.0,232.957,1.4647595320435247,116.50278810408923
203,All Institutions,2013-14,2 Year Current,9891,9891,9891,3.321842682544651,6524.0,232.957,1.4647595320435247,116.50278810408923
204,Public,2013-14,All Constant,16140,16846,16493,2.447356978694337,8355.0,232.957,1.4647595320435247,116.50278810408923
205,Public,2013-14,4 Year Constant,18692,19509,19100,1.9808852581558067,10308.0,232.957,1.4647595320435247,116.50278810408923
206,Public,2013-14,2 Year Constant,9587,10006,9796,2.38294314381271,3004.0,232.957,1.4647595320435247,116.50278810408923
207,Public,2013-14,All Current,15628,15628,15628,4.0410092537114695,12057.0,232.957,1.4647595320435247,116.50278810408923
208,Public,2013-14,4 Year Current,18100,18100,18100,3.576537911301858,14241.0,232.957,1.4647595320435247,116.50278810408923
209,Public,2013-14,2 Year Current,9283,9283,9283,3.987901870729238,6302.0,232.957,1.4647595320435247,116.50278810408923
210,Private,2013-14,All Constant,37173,38799,37986,5.940428380187424,17741.0,232.957,1.4647595320435247,116.50278810408923
211,Private,2013-14,4 Year Constant,37797,39450,38623,6.0052147660216715,17595.0,232.957,1.4647595320435247,116.50278810408923
212,Private,2013-14,2 Year Constant,24652,25730,25191,-9.993568672288122,10353.0,232.957,1.4647595320435247,116.50278810408923
213,Private,2013-14,All Current,35995,35995,35995,14.84955808685109,27110.0,232.957,1.4647595320435247,116.50278810408923
214,Private,2013-14,4 Year Current,36599,36599,36599,14.921342669639204,26671.0,232.957,1.4647595320435247,116.50278810408923
215,Private,2013-14,2 Year Current,23870,23870,23870,-2.42406900216654,17358.0,232.957,1.4647595320435247,116.50278810408923
216,All Institutions,2014-15,All Constant,22278,23252,22765,2.7486910994764413,11634.0,236.736,1.6221877857286904,120.01486988847583
217,All Institutions,2014-15,4 Year Constant,26051,27190,26620,2.121456247362574,14078.0,236.736,1.6221877857286904,120.01486988847583
218,All Institutions,2014-15,2 Year Constant,10409,10864,10636,1.8969151178386712,2964.0,236.736,1.6221877857286904,120.01486988847583
219,All Institutions,2014-15,All Current,21729,21729,21729,3.4960704929745123,16844.0,236.736,1.6221877857286904,120.01486988847583
220,All Institutions,2014-15,4 Year Current,25409,25409,25409,2.8662807173798655,19905.0,236.736,1.6221877857286904,120.01486988847583
221,All Institutions,2014-15,2 Year Current,10153,10153,10153,2.648872712566974,6786.0,236.736,1.6221877857286904,120.01486988847583
222,Public,2014-15,All Constant,16597,17323,16960,2.831504274540708,8822.0,236.736,1.6221877857286904,120.01486988847583
223,Public,2014-15,4 Year Constant,19102,19938,19520,2.198952879581162,10728.0,236.736,1.6221877857286904,120.01486988847583
224,Public,2014-15,2 Year Constant,9828,10257,10042,2.511229073091048,3250.0,236.736,1.6221877857286904,120.01486988847583
225,Public,2014-15,All Current,16188,16188,16188,3.583312004095207,12617.0,236.736,1.6221877857286904,120.01486988847583
226,Public,2014-15,4 Year Current,18632,18632,18632,2.9392265193370237,14773.0,236.736,1.6221877857286904,120.01486988847583
227,Public,2014-15,2 Year Current,9585,9585,9585,3.2532586448346335,6604.0,236.736,1.6221877857286904,120.01486988847583
228,Private,2014-15,All Constant,38367,40045,39206,3.2117095772126625,18961.0,236.736,1.6221877857286904,120.01486988847583
229,Private,2014-15,4 Year Constant,38947,40651,39799,3.044817854646187,18771.0,236.736,1.6221877857286904,120.01486988847583
230,Private,2014-15,2 Year Constant,24941,26032,25486,1.171053153904178,10648.0,236.736,1.6221877857286904,120.01486988847583
231,Private,2014-15,All Current,37422,37422,37422,3.964439505486883,28537.0,236.736,1.6221877857286904,120.01486988847583
232,Private,2014-15,4 Year Current,37988,37988,37988,3.7951856608104073,28060.0,236.736,1.6221877857286904,120.01486988847583
233,Private,2014-15,2 Year Current,24327,24327,24327,1.914537075827405,17815.0,236.736,1.6221877857286904,120.01486988847583
234,All Institutions,2015-16,All Constant,22852,23851,23351,2.5741269492642216,12220.0,237.017,0.11869762097864722,120.27602230483272
235,All Institutions,2015-16,4 Year Constant,26613,27777,27195,2.1600300525920435,14653.0,237.017,0.11869762097864722,120.27602230483272
236,All Institutions,2015-16,2 Year Constant,10599,11062,10830,1.823993982700256,3158.0,237.017,0.11869762097864722,120.27602230483272
237,All Institutions,2015-16,All Current,22439,22439,22439,3.2675226655621614,17554.0,237.017,0.11869762097864722,120.27602230483272
238,All Institutions,2015-16,4 Year Current,26132,26132,26132,2.8454484631429855,20628.0,237.017,0.11869762097864722,120.27602230483272
239,All Institutions,2015-16,2 Year Current,10407,10407,10407,2.501723628484198,7040.0,237.017,0.11869762097864722,120.27602230483272
240,Public,2015-16,All Constant,17075,17821,17448,2.8773584905660288,9310.0,237.017,0.11869762097864722,120.27602230483272
241,Public,2015-16,4 Year Constant,19558,20413,19985,2.382172131147531,11193.0,237.017,0.11869762097864722,120.27602230483272
242,Public,2015-16,2 Year Constant,10097,10538,10317,2.7384983071101265,3525.0,237.017,0.11869762097864722,120.27602230483272
243,Public,2015-16,All Current,16766,16766,16766,3.5705460835186553,13195.0,237.017,0.11869762097864722,120.27602230483272
244,Public,2015-16,4 Year Current,19204,19204,19204,3.069987118935158,15345.0,237.017,0.11869762097864722,120.27602230483272
245,Public,2015-16,2 Year Current,9914,9914,9914,3.4324465310380914,6933.0,237.017,0.11869762097864722,120.27602230483272
246,Private,2015-16,All Constant,39734,41472,40603,3.5632301178391,20358.0,237.017,0.11869762097864722,120.27602230483272
247,Private,2015-16,4 Year Constant,40261,42021,41141,3.37194401869394,20113.0,237.017,0.11869762097864722,120.27602230483272
248,Private,2015-16,2 Year Constant,24824,25909,25366,-0.4708467393863325,10528.0,237.017,0.11869762097864722,120.27602230483272
249,Private,2015-16,All Current,39016,39016,39016,4.259526481748699,30131.0,237.017,0.11869762097864722,120.27602230483272
250,Private,2015-16,4 Year Current,39534,39534,39534,4.069706223017788,29606.0,237.017,0.11869762097864722,120.27602230483272
251,Private,2015-16,2 Year Current,24375,24375,24375,0.19731162905414212,17863.0,237.017,0.11869762097864722,120.27602230483272
252,All Institutions,2016-17,All Constant,23091,24101,23596,1.0492056014731688,12465.0,240.007,1.2615128872612624,123.05483271375466
253,All Institutions,2016-17,4 Year Constant,26593,27755,27174,-0.07722007722007485,14632.0,240.007,1.2615128872612624,123.05483271375466
254,All Institutions,2016-17,2 Year Constant,10598,11061,10829,-0.009233610341641274,3157.0,240.007,1.2615128872612624,123.05483271375466
255,All Institutions,2016-17,All Current,23091,23091,23091,2.9056553322340584,18206.0,240.007,1.2615128872612624,123.05483271375466
256,All Institutions,2016-17,4 Year Current,26593,26592,26592,1.760293892545528,21088.0,240.007,1.2615128872612624,123.05483271375466
257,All Institutions,2016-17,2 Year Current,10598,10597,10597,1.8256942442586688,7230.0,240.007,1.2615128872612624,123.05483271375466
258,Public,2016-17,All Constant,17237,17992,17614,0.9513984410820742,9476.0,240.007,1.2615128872612624,123.05483271375466
259,Public,2016-17,4 Year Constant,19488,20341,19914,-0.355266449837377,11122.0,240.007,1.2615128872612624,123.05483271375466
260,Public,2016-17,2 Year Constant,10091,10531,10311,-0.05815644082581839,3519.0,240.007,1.2615128872612624,123.05483271375466
261,Public,2016-17,All Current,17237,17238,17237,2.8092568292973796,13666.0,240.007,1.2615128872612624,123.05483271375466
262,Public,2016-17,4 Year Current,19488,19488,19488,1.4788585711310143,15629.0,240.007,1.2615128872612624,123.05483271375466
263,Public,2016-17,2 Year Current,10091,10090,10090,1.775267298769423,7109.0,240.007,1.2615128872612624,123.05483271375466
264,Private,2016-17,All Constant,40925,42712,41818,2.992389724897171,21573.0,240.007,1.2615128872612624,123.05483271375466
265,Private,2016-17,4 Year Constant,41468,43279,42373,2.9945796164410288,21345.0,240.007,1.2615128872612624,123.05483271375466
266,Private,2016-17,2 Year Constant,24882,25976,25429,0.2483639517464331,10591.0,240.007,1.2615128872612624,123.05483271375466
267,Private,2016-17,All Current,40925,40922,40923,4.887738363748206,32038.0,240.007,1.2615128872612624,123.05483271375466
268,Private,2016-17,4 Year Current,41468,41465,41466,4.886932766732444,31538.0,240.007,1.2615128872612624,123.05483271375466
269,Private,2016-17,2 Year Current,24882,24888,24885,2.092307692307682,18373.0,240.007,1.2615128872612624,123.05483271375466
